answer_llm,answer_orig,document,question,course
"I'm sorry, but the provided context does not contain information on where or how to sign up for the course. It only mentions that you can still join even if it has already started.","Machine Learning Zoomcamp FAQ
The purpose of this document is to capture frequently asked technical questions.
We did this for our data engineering course and it worked quite well. Check this document for inspiration on how to structure your questions and answers:
Data Engineering Zoomcamp FAQ
In the course GitHub repository there’s a link. Here it is: https://airtable.com/shryxwLd0COOEaqXo
work",0227b872,Where can I sign up for the course?,machine-learning-zoomcamp
"Yes, you can find the link in the course GitHub repository. Here it is: https://airtable.com/shryxwLd0COOEaqXo","Machine Learning Zoomcamp FAQ
The purpose of this document is to capture frequently asked technical questions.
We did this for our data engineering course and it worked quite well. Check this document for inspiration on how to structure your questions and answers:
Data Engineering Zoomcamp FAQ
In the course GitHub repository there’s a link. Here it is: https://airtable.com/shryxwLd0COOEaqXo
work",0227b872,Can you provide a link to sign up?,machine-learning-zoomcamp
"Yes, there is an FAQ for this Machine Learning course. It's called ""Machine Learning Zoomcamp FAQ"" and its purpose is to capture frequently asked technical questions. You can find a link to it in the course GitHub repository, or directly at: https://airtable.com/shryxwLd0COOEaqXo","Machine Learning Zoomcamp FAQ
The purpose of this document is to capture frequently asked technical questions.
We did this for our data engineering course and it worked quite well. Check this document for inspiration on how to structure your questions and answers:
Data Engineering Zoomcamp FAQ
In the course GitHub repository there’s a link. Here it is: https://airtable.com/shryxwLd0COOEaqXo
work",0227b872,Is there an FAQ for this Machine Learning course?,machine-learning-zoomcamp
"I am sorry, but the provided context does not contain information about a GitHub repository for a sign-up link for the course.","Machine Learning Zoomcamp FAQ
The purpose of this document is to capture frequently asked technical questions.
We did this for our data engineering course and it worked quite well. Check this document for inspiration on how to structure your questions and answers:
Data Engineering Zoomcamp FAQ
In the course GitHub repository there’s a link. Here it is: https://airtable.com/shryxwLd0COOEaqXo
work",0227b872,Does this course have a GitHub repository for the sign-up link?,machine-learning-zoomcamp
"Based on the provided context, there is no information on how to structure your questions and answers for the course.","Machine Learning Zoomcamp FAQ
The purpose of this document is to capture frequently asked technical questions.
We did this for our data engineering course and it worked quite well. Check this document for inspiration on how to structure your questions and answers:
Data Engineering Zoomcamp FAQ
In the course GitHub repository there’s a link. Here it is: https://airtable.com/shryxwLd0COOEaqXo
work",0227b872,How can I structure my questions and answers for the course?,machine-learning-zoomcamp
